Date,Ticker,Open,High,Low,Close,Volume,Dividends,Stock Splits,RSI,MACD,SMA_20,ATR,Future_Close,Return,Buy_Signal
2025-02-11 00:00:00+11:00,CBA.AX,159.7780297904425,160.7740483569526,159.37369961138302,159.9160919189453,1530120,0.0,0.0,63.60796942325874,1.572552871021628,155.94333572387694,2.5119106388980454,163.1507110595703,0.020226977171656318,0
2025-02-12 00:00:00+11:00,CBA.AX,159.00882749063902,163.6832275390625,157.5986074631535,163.6832275390625,2199814,0.0,0.0,71.85677383022588,1.9045177262722461,156.6346351623535,2.7671041701131123,162.6872100830078,-0.006085030647486414,0
2025-02-13 00:00:00+11:00,CBA.AX,163.47614312652863,165.2906783073983,162.33219114603278,164.41299438476562,1843099,0.0,0.0,73.12749545020834,2.201115264644102,157.39644546508788,2.780774383773999,160.35000610351562,-0.02471208736544046,0
2025-02-14 00:00:00+11:00,CBA.AX,165.5963896161576,165.5963896161576,162.71679719276653,163.1507110595703,2390053,0.0,0.0,67.45410923085787,2.3077133526447255,157.8742416381836,2.7878328151752183,158.94000244140625,-0.025808705281257584,0
2025-02-17 00:00:00+11:00,CBA.AX,162.70693754407546,162.8548558829732,159.77803405274977,162.6872100830078,1976104,0.0,0.0,65.44628746803772,2.3279572086157714,158.42008285522462,2.829607400292741,155.72999572753906,-0.04276435960711954,0
2025-02-18 00:00:00+11:00,CBA.AX,162.71678975360155,163.16055980703723,159.95553213007233,160.35000610351562,2577577,0.0,0.0,56.33958701026972,2.1308447303587457,158.79186630249023,2.8564231343407522,151.72999572753906,-0.05375746833718126,0
2025-02-19 00:00:00+11:00,CBA.AX,158.75,160.72999572753906,156.58999633789062,158.94000244140625,3262757,2.25,0.0,51.668576547497636,1.8396498215804797,159.0369384765625,2.9481071525770157,156.22999572753906,-0.017050501272429765,0
2025-02-20 00:00:00+11:00,CBA.AX,159.0399932861328,159.3699951171875,155.72999572753906,155.72999572753906,2747437,0.0,0.0,42.94023083920333,1.334472080302362,159.04508285522462,2.9975280266535456,154.27000427246094,-0.009375146054922432,0
2025-02-21 00:00:00+11:00,CBA.AX,156.0,156.1199951171875,151.4199981689453,151.72999572753906,3845525,0.0,0.0,35.00478114415725,0.6043815755368485,158.84829559326172,3.119132949624163,156.25999450683594,0.029855657462953968,0
2025-02-24 00:00:00+11:00,CBA.AX,149.89999389648438,156.22999572753906,148.97999572753906,156.22999572753906,2875480,0.0,0.0,46.89477493137797,0.38446016495944946,158.83706283569336,3.414194881793865,156.2899932861328,0.00038403354179426683,0
2025-02-25 00:00:00+11:00,CBA.AX,155.94000244140625,156.4550018310547,152.99000549316406,154.27000427246094,1762476,0.0,0.0,43.18883752727511,0.05142315837593969,158.6967658996582,3.417823557229348,156.74000549316406,0.01601089746740903,0
2025-02-26 00:00:00+11:00,CBA.AX,154.5,156.60000610351562,153.4499969482422,156.25999450683594,1504902,0.0,0.0,47.70735229506887,-0.05134363046016688,158.66533737182618,3.39869395708964,157.1300048828125,0.0055677102685326284,0
2025-02-27 00:00:00+11:00,CBA.AX,155.89999389648438,156.2899932861328,154.8000030517578,156.2899932861328,1580374,0.0,0.0,47.774786396696115,-0.1288807432458441,158.56045989990236,3.262357976895737,157.75999450683594,0.009405600382948857,0
2025-02-28 00:00:00+11:00,CBA.AX,155.89999389648438,157.67999267578125,154.66000366210938,156.74000549316406,5342538,0.0,0.0,48.84057240883718,-0.15226205733756615,158.48054885864258,3.245045908094032,156.38999938964844,-0.0022330361825264188,0
2025-03-03 00:00:00+11:00,CBA.AX,158.39999389648438,158.39999389648438,155.2899932861328,157.1300048828125,1846285,0.0,0.0,49.79676594211351,-0.1377345081515955,158.53995590209962,3.2353998153981416,153.58999633789062,-0.022529169699714652,0
2025-03-04 00:00:00+11:00,CBA.AX,157.32000732421875,157.75999450683594,155.68499755859375,157.75999450683594,1467357,0.0,0.0,51.37768597296304,-0.07452731860342965,158.6520652770996,3.152513896315573,148.5,-0.058696721787947895,0
2025-03-05 00:00:00+11:00,CBA.AX,156.36000061035156,156.97999572753906,154.39999389648438,156.38999938964844,1730411,0.0,0.0,47.84893667867446,-0.13344406185439084,158.65277633666992,3.1673343758895727,148.13999938964844,-0.05275273375661944,0
2025-03-06 00:00:00+11:00,CBA.AX,156.44000244140625,156.8800048828125,153.58999633789062,153.58999633789062,2374229,0.0,0.0,41.56542208453524,-0.4014452401900428,158.31280364990235,3.1760968165347374,146.9199981689453,-0.04342729557901438,0
2025-03-07 00:00:00+11:00,CBA.AX,150.8800048828125,150.9600067138672,147.22000122070312,148.5,2627604,0.0,0.0,33.06496852264435,-1.0128823927327346,157.71685180664062,3.404232409438506,144.8000030517578,-0.024915804365267257,0
2025-03-10 00:00:00+11:00,CBA.AX,149.1999969482422,149.5800018310547,147.41000366210938,148.13999938964844,1456710,0.0,0.0,32.557819416085195,-1.5091037729839059,157.09501113891602,3.3160728208318493,144.0,-0.027946533054581123,0
2025-03-11 00:00:00+11:00,CBA.AX,145.69000244140625,148.1300048828125,144.39999389648438,146.9199981689453,2523185,0.0,0.0,30.831941258102304,-1.9780054785588845,156.44520645141603,3.346353725998436,142.36000061035156,-0.031037282980021185,0
2025-03-12 00:00:00+11:00,CBA.AX,145.75,145.83999633789062,142.97999572753906,144.8000030517578,2922633,0.0,0.0,28.04942293889779,-2.4919536563370457,155.50104522705078,3.388757205670423,144.66000366210938,-0.0009668465932172366,0
2025-03-13 00:00:00+11:00,CBA.AX,145.00999450683594,145.57000732421875,143.6699981689453,144.0,2669521,0.0,0.0,27.057084913518835,-2.9300391825845225,154.4803955078125,3.2824180592134953,144.1999969482422,0.001388867696126302,0
2025-03-14 00:00:00+11:00,CBA.AX,142.57000732421875,144.02999877929688,141.41000366210938,142.36000061035156,2741381,0.0,0.0,25.096918979791155,-3.370703985712396,153.44085998535155,3.235102134783067,142.77000427246094,0.002880048190162497,0
2025-03-17 00:00:00+11:00,CBA.AX,143.88999938964844,144.66000366210938,143.28500366210938,144.66000366210938,1734195,0.0,0.0,32.48423126957515,-3.4940655796385727,152.53949966430665,3.168309343138406,145.92999267578125,0.008779130246935848,0
2025-03-18 00:00:00+11:00,CBA.AX,145.38999938964844,146.5,143.5399932861328,144.1999969482422,1552183,0.0,0.0,31.80853596874411,-3.5875936822010317,151.73199920654298,3.1534305839047474,145.60000610351562,0.009708801559655676,0
2025-03-19 00:00:00+11:00,CBA.AX,142.88999938964844,144.47000122070312,142.5399932861328,142.77000427246094,1612901,0.0,0.0,29.737725377754245,-3.7340599169524467,150.9234992980957,3.0660432518094303,147.6300048828125,0.034040768122950975,1
2025-03-20 00:00:00+11:00,CBA.AX,143.91000366210938,146.0,143.67999267578125,145.92999267578125,3402826,0.0,0.0,39.16312840043151,-3.554180428621578,150.43349914550782,3.0777541429329753,148.6300048828125,0.018502106095694665,0
2025-03-21 00:00:00+11:00,CBA.AX,145.6999969482422,146.9499969482422,145.1999969482422,145.60000610351562,6482426,0.0,0.0,38.581095226362145,-3.3990694400687573,150.12699966430665,2.9829145612949057,150.22999572753906,0.03179937795285328,1
2025-03-24 00:00:00+11:00,CBA.AX,146.75,147.85000610351562,146.2899932861328,147.6300048828125,1308316,0.0,0.0,44.08629202053207,-3.0768706781524884,149.6970001220703,2.9305635212024126,150.0399932861328,0.016324516179711177,0
2025-03-25 00:00:00+11:00,CBA.AX,148.4499969482422,149.77000427246094,147.89999389648438,148.6300048828125,1599602,0.0,0.0,46.62435739214167,-2.709599617640862,149.41500015258788,2.874094654662843,150.42999267578125,0.012110527712005072,0
2025-03-26 00:00:00+11:00,CBA.AX,149.89999389648438,151.1699981689453,149.38999938964844,150.22999572753906,2043159,0.0,0.0,50.496262291780205,-2.263338410337127,149.11350021362304,2.8502302711964123,150.92999267578125,0.00465950188477486,0
2025-03-27 00:00:00+11:00,CBA.AX,149.22999572753906,150.0399932861328,148.3800048828125,150.0399932861328,1722640,0.0,0.0,50.03211396900866,-1.9030674209055007,148.80100021362304,2.7787845978771375,153.22999572753906,0.021261014290521702,0
2025-03-28 00:00:00+11:00,CBA.AX,149.60000610351562,150.42999267578125,148.61000061035156,150.42999267578125,1796660,0.0,0.0,51.0271579791212,-1.568005384758834,148.4854995727539,2.710299416988034,154.82000732421875,0.02918310750635487,0
2025-03-31 00:00:00+11:00,CBA.AX,149.5,151.10000610351562,147.94000244140625,150.92999267578125,2709628,0.0,0.0,52.33760049931593,-1.2477373463561037,148.17549896240234,2.7424211487824155,156.3699951171875,0.03604321675872692,1
2025-04-01 00:00:00+11:00,CBA.AX,151.00999450683594,153.22999572753906,150.41000366210938,153.22999572753906,2083216,0.0,0.0,57.91614923411153,-0.7991198381070888,147.9489990234375,2.747961928542935,154.0,0.005025153650921557,0
2025-02-11 00:00:00+11:00,BHP.AX,39.35666368273104,39.4203621165195,38.99406598401375,39.31746292114258,6717482,0.0,0.0,55.6654573886598,0.2062202955155712,39.04992332458496,0.5810751536965503,40.10145568847656,0.01994006502673905,0
2025-02-12 00:00:00+11:00,BHP.AX,39.19986391015029,39.36646153734107,39.06266498460722,39.33706283569336,7630232,0.0,0.0,55.90218929803393,0.20811721003449435,39.04894332885742,0.5612695393420717,39.98386001586914,0.01644243706952354,0
2025-02-13 00:00:00+11:00,BHP.AX,39.64086018339506,40.356257198028636,39.591861104823735,40.17005920410156,8279554,0.0,0.0,64.56278500643137,0.27368154327665195,39.108233261108396,0.5939784552701577,40.15045928955078,-0.00048792346685861993,0
2025-02-14 00:00:00+11:00,BHP.AX,40.395457634341845,40.709056220767444,40.10145568847656,40.10145568847656,6828877,0.0,0.0,63.457431549355334,0.3164580875244738,39.15429286956787,0.594951460771638,40.16025924682617,0.0014663696701291318,0
2025-02-17 00:00:00+11:00,BHP.AX,39.83686277080204,40.23866122207659,39.76826330875934,39.98386001586914,5962827,0.0,0.0,61.51333494075708,0.3369852626955421,39.19104270935058,0.5860547788106102,39.34686279296875,-0.015931358869493182,0
2025-02-18 00:00:00+11:00,BHP.AX,40.27785614763225,40.326858965160625,39.56736015415213,40.15045928955078,6943788,0.0,0.0,63.231926499986116,0.36251749000137323,39.226812553405765,0.5984436382533165,40.43465805053711,0.007078343959574363,0
2025-02-19 00:00:00+11:00,BHP.AX,40.1896579478293,40.47875888179109,40.03285864516215,40.16025924682617,6588952,0.0,0.0,63.335641660775885,0.37917188131991963,39.24494247436523,0.5875476809944322,39.98386001586914,-0.004392382775043264,0
2025-02-20 00:00:00+11:00,BHP.AX,39.591861929317524,39.738859168092695,38.91566192042522,39.34686279296875,11659006,0.0,0.0,50.5820953981924,0.32301281972252127,39.262092399597165,0.6344797985234693,39.503662109375,0.003985052562672669,0
2025-02-21 00:00:00+11:00,BHP.AX,40.01326295207061,40.47385881173085,39.81726288449226,40.43465805053711,10287446,0.0,0.0,61.69183155848348,0.3621081872260561,39.366952133178714,0.6696595285405144,38.9156608581543,-0.03756671295412711,0
2025-02-24 00:00:00+11:00,BHP.AX,39.63106064628363,40.07205985826552,39.60166194494827,39.98386001586914,6833234,0.0,0.0,56.066567385924266,0.3526507751003152,39.43996181488037,0.6813264269011091,39.21946334838867,-0.01911763064339182,0
2025-02-25 00:00:00+11:00,BHP.AX,39.60166026860479,39.787858266497445,39.493860050417936,39.503662109375,7903407,0.0,0.0,50.757276711309466,0.3029159237703496,39.48063163757324,0.6676602510832588,38.25906753540039,-0.0315058024374718,0
2025-02-26 00:00:00+11:00,BHP.AX,39.395860797181655,39.43506155514104,38.6902621074729,38.9156608581543,8297693,0.0,0.0,45.12259632082162,0.21359175612077053,39.50905132293701,0.6780702332846048,38.807861328125,-0.0027700809301998224,0
2025-02-27 00:00:00+11:00,BHP.AX,39.10186480623305,39.356662270635276,38.96466214559619,39.21946334838867,5916067,0.0,0.0,48.315106997970716,0.16540929628728662,39.53551120758057,0.6611367460843459,38.69026565551758,-0.013493241561471692,0
2025-02-28 00:00:00+11:00,BHP.AX,38.53346538262708,38.68046636557869,37.99446800912167,38.25906753540039,18135055,0.0,0.0,40.328006198088076,0.049161728187492315,39.49092140197754,0.7014123598831071,38.74906539916992,0.012807365556312775,0
2025-03-03 00:00:00+11:00,BHP.AX,38.1512654434681,38.89606116589579,38.14146338461018,38.807861328125,8342631,0.0,0.0,45.83792420587142,0.0013027482903211762,39.50856113433838,0.7052113185547145,39.22999954223633,0.010877646942254824,0
2025-03-04 00:00:00+11:00,BHP.AX,38.41586780141864,38.827464582567046,38.180666970483564,38.69026565551758,8386617,0.0,0.0,44.881590075841245,-0.04558930099142344,39.5061113357544,0.7010389109496264,38.97999954223633,0.007488547359649141,0
2025-03-05 00:00:00+11:00,BHP.AX,38.758863720009614,39.18026254553104,38.70006631819097,38.74906539916992,9749141,0.0,0.0,45.49393806235606,-0.07711797200636994,39.47720146179199,0.6859644808827579,39.20000076293945,0.011637322323113144,0
2025-03-06 00:00:00+11:00,BHP.AX,42.0,42.154998779296875,38.970001220703125,39.22999954223633,13022584,0.790935,0.0,50.352358518260374,-0.06257596811812505,39.46596851348877,0.8802479736859147,39.650001525878906,0.010706142965675795,0
2025-03-07 00:00:00+11:00,BHP.AX,39.36000061035156,39.689998626708984,38.88999938964844,38.97999954223633,9314621,0.0,0.0,47.959253341097586,-0.07041256372570359,39.43145542144775,0.8745159210698169,38.95000076293945,-0.0007695941418462606,0
2025-03-10 00:00:00+11:00,BHP.AX,39.25,39.41999816894531,38.90999984741211,39.20000076293945,6694025,0.0,0.0,50.202214553831645,-0.0581999693026134,39.4270523071289,0.8484789496743445,38.2400016784668,-0.02448977208643987,0
2025-03-11 00:00:00+11:00,BHP.AX,39.349998474121094,40.06999969482422,39.02000045776367,39.650001525878906,11725876,0.0,0.0,54.52009520696137,-0.012070953046588784,39.44367923736572,0.862873255916216,38.650001525878906,-0.025220679987800667,0
2025-03-12 00:00:00+11:00,BHP.AX,39.470001220703125,39.55500030517578,38.81999969482422,38.95000076293945,11127309,0.0,0.0,47.605209143859746,-0.03163294187766752,39.42432613372803,0.8605252969975353,39.58000183105469,0.01617460990436422,0
2025-03-13 00:00:00+11:00,BHP.AX,38.400001525878906,38.599998474121094,38.2400016784668,38.2400016784668,8616307,0.0,0.0,41.812537557809854,-0.10323690064197422,39.32782325744629,0.8497734246743296,39.619998931884766,0.03608779269994265,1
2025-03-14 00:00:00+11:00,BHP.AX,38.720001220703125,39.029998779296875,38.54999923706055,38.650001525878906,7587140,0.0,0.0,45.90594134349356,-0.12545383890429918,39.25525054931641,0.8455036872568831,39.560001373291016,0.02354462642912964,0
2025-03-17 00:00:00+11:00,BHP.AX,38.779998779296875,39.63999938964844,38.7599983215332,39.58000183105469,9707208,0.0,0.0,53.83859147508026,-0.06724254010543973,39.23505764007568,0.8558246998649294,39.130001068115234,-0.011369397223887445,0
2025-03-18 00:00:00+11:00,BHP.AX,39.43000030517578,39.70000076293945,39.33000183105469,39.619998931884766,6990047,0.0,0.0,54.15000547008406,-0.017678448500454635,39.20853462219238,0.8211228592949177,39.540000915527344,-0.0020191322189320486,0
2025-03-19 00:00:00+11:00,BHP.AX,39.70000076293945,39.970001220703125,39.41999816894531,39.560001373291016,6283926,0.0,0.0,53.56623789502801,0.016569150772333785,39.178521728515626,0.8017571587565531,39.31999969482422,-0.006066776292602313,0
2025-03-20 00:00:00+11:00,BHP.AX,39.380001068115234,39.540000915527344,39.0,39.130001068115234,12485687,0.0,0.0,49.45151202009314,0.008910474567223048,39.167678642272946,0.7844888883661575,39.040000915527344,-0.0023000293925682135,0
2025-03-21 00:00:00+11:00,BHP.AX,39.0,39.63999938964844,38.9900016784668,39.540000915527344,18313470,0.0,0.0,53.147118201715024,0.035515083891617394,39.12294578552246,0.7748823757101205,39.52000045776367,-0.0005058284598020255,0
2025-03-24 00:00:00+11:00,BHP.AX,39.220001220703125,39.38999938964844,38.97999954223633,39.31999969482422,4818118,0.0,0.0,50.99278761044772,0.03840446579747692,39.089752769470216,0.7595337326801844,39.63999938964844,0.008138344285550466,0
2025-03-25 00:00:00+11:00,BHP.AX,39.209999084472656,39.380001068115234,38.970001220703125,39.040000915527344,6558976,0.0,0.0,48.308834535199594,0.017894483861887522,39.06656970977783,0.7345670265896077,39.689998626708984,0.016649531145966692,0
2025-03-26 00:00:00+11:00,BHP.AX,39.54999923706055,39.88999938964844,39.45000076293945,39.52000045776367,8633420,0.0,0.0,52.886854035025664,0.03991204572764673,39.096786689758304,0.7428121299847138,38.20000076293945,-0.033400801607655496,0
2025-03-27 00:00:00+11:00,BHP.AX,39.5,39.7400016784668,39.36000061035156,39.63999938964844,7659354,0.0,0.0,53.9840666444145,0.06627999849957433,39.11781349182129,0.7168970541368938,38.88999938964844,-0.01892028283420848,0
2025-03-28 00:00:00+11:00,BHP.AX,39.599998474121094,40.119998931884766,39.459999084472656,39.689998626708984,8680085,0.0,0.0,54.45996339635442,0.09017186646531883,39.18936004638672,0.7128329679422664,38.31999969482422,-0.03451748499086212,0
2025-03-31 00:00:00+11:00,BHP.AX,39.0,39.08000183105469,38.20000076293945,38.20000076293945,10559745,0.0,0.0,40.88882949941909,-0.010997261628205024,39.15896701812744,0.7683447462156424,37.0099983215332,-0.031151895749718318,0
2025-04-01 00:00:00+11:00,BHP.AX,38.72999954223633,39.029998779296875,38.540000915527344,38.88999938964844,7266432,0.0,0.0,47.422884827552885,-0.035092873113541145,39.16895370483398,0.7727485512257696,36.81999969482422,-0.053227043643904036,0
2025-02-11 00:00:00+11:00,CSL.AX,266.3567360228217,273.3703079950241,253.36129889950152,254.90884399414062,1818036,0.0,0.0,23.413153291064987,-3.7607080720066506,271.12585906982423,5.2324604418049585,254.8493194580078,-0.0002335130284227437,0
2025-02-12 00:00:00+11:00,CSL.AX,253.95651971478662,257.4285815077622,251.02014079530963,254.23428344726562,1732053,0.0,0.0,22.951824563570483,-4.644133675683804,269.96718139648436,5.316459032565502,256.2381286621094,0.007881884329968409,0
2025-02-13 00:00:00+11:00,CSL.AX,254.16482358769784,254.46244703532437,251.97247314453125,251.97247314453125,1307898,0.0,0.0,21.427288401213886,-5.463780954273602,268.8595947265625,5.114567236724618,261.714111328125,0.038661517514280035,1
2025-02-14 00:00:00+11:00,CSL.AX,255.58343308004257,255.58343308004257,253.54977880315752,254.8493194580078,1427828,0.0,0.0,27.979968811821294,-5.814197424409713,267.93156204223635,5.007166715209381,262.7358703613281,0.030945936681693986,1
2025-02-17 00:00:00+11:00,CSL.AX,253.7084959441038,256.625030049602,252.0022244964924,256.2381286621094,863928,0.0,0.0,30.97277285160301,-5.911693384167336,267.10024948120116,4.979712346487969,256.8234558105469,0.0022843093316894563,0
2025-02-18 00:00:00+11:00,CSL.AX,255.86121307707555,261.714111328125,255.2659964149061,261.714111328125,1393365,0.0,0.0,41.325981608412235,-5.483878856384592,266.56704025268556,5.084598244111606,256.605224609375,-0.019520868373599905,0
2025-02-19 00:00:00+11:00,CSL.AX,258.1725832953568,264.729805173387,258.1527538417653,262.7358703613281,1174551,0.0,0.0,43.04260783817661,-5.00469434500144,266.1419593811035,5.1912020360766125,258.9165954589844,-0.01453655679786427,0
2025-02-20 00:00:00+11:00,CSL.AX,259.91854593673906,260.58318078777415,255.7917490104911,256.8234558105469,1275990,0.0,0.0,36.40525295219324,-5.04387693591741,265.57849349975584,5.316410558559499,260.3748779296875,0.013828262328813271,0
2025-02-21 00:00:00+11:00,CSL.AX,259.3134134793559,259.6506958550541,256.12904522804865,256.605224609375,1390778,0.0,0.0,36.18346230242966,-5.03450422478079,265.0165168762207,5.188213420591352,262.70611572265625,0.023775397101008035,0
2025-02-24 00:00:00+11:00,CSL.AX,254.70052062871355,259.36301549177944,253.67874370433634,258.9165954589844,883510,0.0,0.0,40.329884589305564,-4.785404805262942,264.470906829834,5.2236461610807625,258.2122802734375,-0.002720239636622471,0
2025-02-25 00:00:00+11:00,CSL.AX,256.5853631809235,261.01968335760324,256.35721849315536,260.3748779296875,571039,0.0,0.0,42.85274027943616,-4.419376689114358,263.9744026184082,5.183561782749843,258.49005126953125,-0.007238895991591151,0
2025-02-26 00:00:00+11:00,CSL.AX,261.1585706436576,262.78546381241046,259.6010957006988,262.70611572265625,702476,0.0,0.0,46.73019089194163,-3.896271569739895,263.35290298461916,5.040762234818543,259.90863037109375,-0.01064872564487938,0
2025-02-27 00:00:00+11:00,CSL.AX,262.0811430188545,265.3151302164477,258.0634836820707,258.2122802734375,883510,0.0,0.0,40.960746385524935,-3.8005120212247334,262.38866195678713,5.198682541929863,262.59698486328125,0.016981007197645698,0
2025-02-28 00:00:00+11:00,CSL.AX,258.3313248096187,259.9086292704054,257.4285850979779,258.49005126953125,1697246,0.0,0.0,41.442003396334684,-3.6600176855632185,261.40358963012693,5.00449408696541,262.15057373046875,0.014161173487952235,0
2025-03-03 00:00:00+11:00,CSL.AX,260.89071817986155,262.09108136166316,259.4820700373842,259.90863037109375,687482,0.0,0.0,43.954626358690525,-3.3950711673497835,260.7404273986816,4.904246658763017,259.90863037109375,0.0,0
2025-03-04 00:00:00+11:00,CSL.AX,260.4939122794389,262.85491914114067,257.7559338651661,262.59698486328125,872529,0.0,0.0,48.46737401081774,-2.934346087693541,260.3024513244629,4.918156559992411,257.5873107910156,-0.019077424193860666,0
2025-03-05 00:00:00+11:00,CSL.AX,261.89263947361854,263.18225020992185,260.13677926668737,262.15057373046875,855410,0.0,0.0,47.779395152301234,-2.57555044798562,260.00087814331056,4.784393301652559,255.39999389648438,-0.025750772687322107,0
2025-03-06 00:00:00+11:00,CSL.AX,261.6347314347406,261.6347314347406,258.2519475363465,259.90863037109375,832358,0.0,0.0,44.3728275663318,-2.4439362353100478,259.4617179870605,4.721124222543251,251.92999267578125,-0.0306978559500726,0
2025-03-07 00:00:00+11:00,CSL.AX,256.4464965298907,259.04557797102063,255.94055783254916,257.5873107910156,752977,0.0,0.0,41.104952153562344,-2.498145052447228,258.95578994750974,4.667334816543347,250.3699951171875,-0.028018909983045088,0
2025-03-10 00:00:00+11:00,CSL.AX,258.75,259.20001220703125,255.0399932861328,255.39999389648438,471213,2.072704,0.0,38.24667995864674,-2.68663427623585,258.3166877746582,4.6310979668544245,248.49000549316406,-0.02705555430091743,0
2025-03-11 00:00:00+11:00,CSL.AX,254.5800018310547,255.75999450683594,250.10000610351562,251.92999267578125,962517,0.0,0.0,34.18548543120289,-3.0805033178786516,258.16774520874026,4.704590140887703,250.0500030517578,-0.007462349377522791,0
2025-03-12 00:00:00+11:00,CSL.AX,248.32000732421875,250.85000610351562,246.5,250.3699951171875,1048294,0.0,0.0,32.513974995267574,-3.478428972639051,257.97453079223635,4.7564046076658135,247.8800048828125,-0.009945242173326489,0
2025-03-13 00:00:00+11:00,CSL.AX,250.8300018310547,251.94000244140625,248.49000549316406,248.49000549316406,763037,0.0,0.0,30.57383328991746,-3.90052455281338,257.80040740966797,4.66308977484984,247.69000244140625,-0.003219457660561002,0
2025-03-14 00:00:00+11:00,CSL.AX,249.66000366210938,251.17999267578125,248.80999755859375,250.0500030517578,985993,0.0,0.0,34.08845068341218,-4.062331546249453,257.5604415893555,4.52215387540465,250.2899932861328,0.0009597689719896722,0
2025-03-17 00:00:00+11:00,CSL.AX,250.05999755859375,250.50999450683594,246.6199951171875,247.8800048828125,661183,0.0,0.0,31.685547797077973,-4.3159142976466,257.1425354003906,4.476999983564921,255.32000732421875,0.03001453241427673,1
2025-03-18 00:00:00+11:00,CSL.AX,248.14999389648438,250.82000732421875,247.69000244140625,247.69000244140625,1136961,0.0,0.0,31.476330517661154,-4.480562923865989,256.4413299560547,4.380786047796891,254.0,0.025475382520077482,0
2025-03-19 00:00:00+11:00,CSL.AX,246.1999969482422,250.64999389648438,246.1999969482422,250.2899932861328,754835,0.0,0.0,37.552740076826765,-4.351093912078284,255.81903610229492,4.385729683542984,253.3300018310547,0.012145945209429614,0
2025-03-20 00:00:00+11:00,CSL.AX,249.5800018310547,255.9199981689453,249.22000122070312,255.32000732421875,1452095,0.0,0.0,47.290846756704724,-3.7988182797240313,255.7438636779785,4.5510344881643565,256.79998779296875,0.005796570681085102,0
2025-03-21 00:00:00+11:00,CSL.AX,255.0,255.80999755859375,252.86000061035156,254.0,2323404,0.0,0.0,45.29466527387211,-3.428132049130909,255.61360244750978,4.436674663884202,252.9199981689453,-0.004251975712813731,0
2025-03-24 00:00:00+11:00,CSL.AX,254.0,255.49000549316406,251.6199951171875,253.3300018310547,339738,0.0,0.0,44.273148968332116,-3.1520884796746316,255.3342727661133,4.39619864331937,252.41000366210938,-0.003631619477738991,0
2025-03-25 00:00:00+11:00,CSL.AX,253.16000366210938,257.3599853515625,253.16000366210938,256.79998779296875,652323,0.0,0.0,50.499665783641895,-2.623085794624018,255.15552825927733,4.382183146614638,252.72000122070312,-0.015887798933833658,0
2025-03-26 00:00:00+11:00,CSL.AX,257.0,257.19000244140625,252.3300018310547,252.9199981689453,963293,0.0,0.0,44.51093355458672,-2.488247127687373,254.6662223815918,4.41631296545299,249.27999877929688,-0.014391900268862858,0
2025-03-27 00:00:00+11:00,CSL.AX,250.39999389648438,253.6300048828125,250.0,252.41000366210938,733151,0.0,0.0,43.776076540479174,-2.3949315273257525,254.3761085510254,4.360148102407241,251.57000732421875,-0.0033279043053107064,0
2025-03-28 00:00:00+11:00,CSL.AX,251.0399932861328,252.72000122070312,249.5800018310547,252.72000122070312,831971,0.0,0.0,44.37720379201366,-2.269799197270572,254.08760604858398,4.272994622924469,255.19000244140625,0.009773667334490262,0
2025-03-31 00:00:00+11:00,CSL.AX,251.9499969482422,252.25,249.15499877929688,249.27999877929688,812877,0.0,0.0,39.34950037101211,-2.420310538595686,253.55617446899413,4.222423752816025,257.67999267578125,0.03369702317722415,1
2025-04-01 00:00:00+11:00,CSL.AX,251.22000122070312,252.5,249.49000549316406,251.57000732421875,625950,0.0,0.0,43.90559075845676,-2.3279718988583795,253.00482559204102,4.150822143379389,253.3000030517578,0.006876796427125258,0
2025-02-11 00:00:00+11:00,WBC.AX,34.06999969482422,34.29999923706055,33.9900016784668,34.2599983215332,3528884,0.0,0.0,68.46109151130587,0.3576469500976245,33.140499877929685,0.5026501087873729,34.709999084472656,0.013134874050960393,0
2025-02-12 00:00:00+11:00,WBC.AX,34.36000061035156,34.7400016784668,34.20000076293945,34.650001525878906,4038035,0.0,0.0,72.37740707019088,0.41349064932943946,33.282999992370605,0.5053180235545137,33.29999923706055,-0.0389611033006763,0
2025-02-13 00:00:00+11:00,WBC.AX,34.63999938964844,35.27000045776367,34.619998931884766,34.650001525878906,4349248,0.0,0.0,72.37740707019088,0.45253069118536615,33.42250003814697,0.5156525594348275,32.310001373291016,-0.06753246896223725,0
2025-02-14 00:00:00+11:00,WBC.AX,34.79999923706055,35.08000183105469,34.38999938964844,34.709999084472656,4260193,0.0,0.0,72.97611306155109,0.4827467036818476,33.525,0.5281061224327862,32.20000076293945,-0.07231340788643346,0
2025-02-17 00:00:00+11:00,WBC.AX,33.709999084472656,33.7599983215332,32.54499816894531,33.29999923706055,8392995,0.0,0.0,47.125328742905154,0.38844021050311994,33.581999969482425,0.6450271790823975,31.219999313354492,-0.06246246160243637,0
2025-02-18 00:00:00+11:00,WBC.AX,33.099998474121094,33.20000076293945,32.310001373291016,32.310001373291016,8005671,0.0,0.0,37.16946070397569,0.23115249924468628,33.5829999923706,0.6696679422743356,31.030000686645508,-0.0396162374571614,0
2025-02-19 00:00:00+11:00,WBC.AX,32.310001373291016,32.4900016784668,31.920000076293945,32.20000076293945,8305820,0.0,0.0,36.25299925376754,0.0965121924558261,33.55599994659424,0.6625489179813725,31.280000686645508,-0.028571430263840805,0
2025-02-20 00:00:00+11:00,WBC.AX,31.809999465942383,31.899999618530273,30.8700008392334,31.219999313354492,9250277,0.0,0.0,29.31758455363969,-0.08825183525112124,33.46799993515015,0.7102239898188498,31.25,0.0009609445004912248,0
2025-02-21 00:00:00+11:00,WBC.AX,31.540000915527344,31.579999923706055,30.90999984741211,31.030000686645508,8032558,0.0,0.0,28.191539636445867,-0.24716084330314203,33.37150001525879,0.7073508531384994,31.510000228881836,0.015468885968890978,0
2025-02-24 00:00:00+11:00,WBC.AX,30.950000762939453,31.43000030517578,30.850000381469727,31.280000686645508,6110525,0.0,0.0,31.898018328656065,-0.34890253515811054,33.28450002670288,0.698254358179039,31.6200008392334,0.010869569856916539,0
2025-02-25 00:00:00+11:00,WBC.AX,31.280000686645508,31.399999618530273,31.094999313354492,31.25,5401860,0.0,0.0,31.686650882034186,-0.4270318067978778,33.176999950408934,0.6701647829645206,31.809999465942383,0.01791998291015625,0
2025-02-26 00:00:00+11:00,WBC.AX,31.299999237060547,31.559999465942383,30.969999313354492,31.510000228881836,4000757,0.0,0.0,35.66539712131173,-0.4626369807723876,33.075,0.6644387379376184,31.799999237060547,0.00920339594008952,0
2025-02-27 00:00:00+11:00,WBC.AX,31.40999984741211,31.670000076293945,31.239999771118164,31.6200008392334,3524342,0.0,0.0,37.32849136667295,-0.4764855785788171,32.96700010299683,0.6476931355974872,31.8700008392334,0.007906388151951138,0
2025-02-28 00:00:00+11:00,WBC.AX,31.600000381469727,32.0,31.510000228881836,31.809999465942383,11555020,0.0,0.0,40.203808869899895,-0.4667489989053095,32.871000099182126,0.6364293238489641,31.540000915527344,-0.00848785146017104,0
2025-03-03 00:00:00+11:00,WBC.AX,32.0,32.08000183105469,31.639999389648438,31.799999237060547,4220863,0.0,0.0,40.09952933258348,-0.4545992866627344,32.80300006866455,0.6223988322459132,31.260000228881836,-0.016981101293530285,0
2025-03-04 00:00:00+11:00,WBC.AX,31.700000762939453,31.93000030517578,31.56999969482422,31.8700008392334,3789606,0.0,0.0,41.24830445990392,-0.4343154893003529,32.74100008010864,0.6036561021106025,30.56999969482422,-0.040790747103113346,0
2025-03-05 00:00:00+11:00,WBC.AX,31.5,31.6299991607666,31.15999984741211,31.540000915527344,4750901,0.0,0.0,37.58855801772704,-0.43979894124311514,32.654000186920165,0.6112521656613659,30.399999618530273,-0.03614461838635649,0
2025-03-06 00:00:00+11:00,WBC.AX,31.399999618530273,31.520000457763672,31.200000762939453,31.260000228881836,4567346,0.0,0.0,34.76968452069276,-0.4614193764150869,32.51700019836426,0.5918770218704034,30.690000534057617,-0.018234155171169285,0
2025-03-07 00:00:00+11:00,WBC.AX,30.850000381469727,30.969999313354492,30.329999923706055,30.56999969482422,6326289,0.0,0.0,28.99843894954401,-0.5281429009741956,32.3435001373291,0.6160286849636447,30.06999969482422,-0.0163559046447964,0
2025-03-10 00:00:00+11:00,WBC.AX,30.549999237060547,30.704999923706055,30.399999618530273,30.399999618530273,4294942,0.0,0.0,27.775202507371162,-0.5879617037835594,32.16200017929077,0.5938123721216544,29.6299991607666,-0.02532896274427317,0
2025-03-11 00:00:00+11:00,WBC.AX,29.950000762939453,30.84000015258789,29.829999923706055,30.690000534057617,6602434,0.0,0.0,32.969681680046904,-0.6049938927370526,31.983500289916993,0.6235400761759531,29.610000610351562,-0.035190612737446725,0
2025-03-12 00:00:00+11:00,WBC.AX,30.3700008392334,30.440000534057617,29.780000686645508,30.06999969482422,6142771,0.0,0.0,28.285838688323224,-0.6609024394316343,31.75450019836426,0.6440014884071071,29.889999389648438,-0.005986042800218708,0
2025-03-13 00:00:00+11:00,WBC.AX,30.0,30.170000076293945,29.56999969482422,29.6299991607666,5702666,0.0,0.0,25.5154746804336,-0.7322735378273499,31.503500080108644,0.6408585521972942,30.18000030517578,0.018562307120731952,0
2025-03-14 00:00:00+11:00,WBC.AX,29.56999969482422,29.739999771118164,29.34000015258789,29.610000610351562,3749582,0.0,0.0,25.393737176383866,-0.7814413934374187,31.24850015640259,0.6236543426496498,30.1200008392334,0.017223918215778133,0
2025-03-17 00:00:00+11:00,WBC.AX,29.899999618530273,29.950000762939453,29.780000686645508,29.889999389648438,4004751,0.0,0.0,30.400630630564038,-0.7887218176502557,31.078000164031984,0.6033933290738098,30.610000610351562,0.024088365185864716,0
2025-03-18 00:00:00+11:00,WBC.AX,30.110000610351562,30.28499984741211,30.010000228881836,30.18000030517578,4751848,0.0,0.0,35.24766824960918,-0.7623035947247985,30.97150011062622,0.5885081239802286,30.739999771118164,0.018555316775339614,0
2025-03-19 00:00:00+11:00,WBC.AX,29.950000762939453,30.309999465942383,29.90999984741211,30.1200008392334,5610284,0.0,0.0,34.70909219566505,-0.7377046185509712,30.86750011444092,0.5750432307338033,31.270000457763672,0.0381805971609509,1
2025-03-20 00:00:00+11:00,WBC.AX,30.5,30.719999313354492,30.459999084472656,30.610000610351562,7872664,0.0,0.0,42.44376898746438,-0.6709367253506429,30.837000179290772,0.5768257481186098,31.079999923706055,0.015354436588790847,0
2025-03-21 00:00:00+11:00,WBC.AX,30.670000076293945,30.920000076293945,30.350000381469727,30.739999771118164,14345079,0.0,0.0,44.32809020436072,-0.6006093919234132,30.822500133514403,0.576338172883296,31.440000534057617,0.0227716580400609,0
2025-03-24 00:00:00+11:00,WBC.AX,30.700000762939453,31.299999237060547,30.684999465942383,31.270000457763672,2952320,0.0,0.0,51.324758331905514,-0.4963858207374976,30.822000122070314,0.579099715614358,31.649999618530273,0.012152195561361302,0
2025-03-25 00:00:00+11:00,WBC.AX,31.5,31.760000228881836,30.979999542236328,31.079999923706055,4498164,0.0,0.0,48.94973139026816,-0.4242290959356083,30.813500118255615,0.5934497849737258,31.889999389648438,0.026061758942430412,0
2025-03-26 00:00:00+11:00,WBC.AX,31.389999389648438,31.649999618530273,31.15999984741211,31.440000534057617,4441819,0.0,0.0,53.35414211005748,-0.3341435324196347,30.810000133514404,0.5917747785344754,31.56999969482422,0.004134833287479718,0
2025-03-27 00:00:00+11:00,WBC.AX,31.09000015258789,31.649999618530273,31.09000015258789,31.649999618530273,4124194,0.0,0.0,55.75230814652268,-0.2430037077421261,30.811500072479248,0.589505113349326,31.56999969482422,-0.0025276437494557427,0
2025-03-28 00:00:00+11:00,WBC.AX,31.5,32.189998626708984,31.434999465942383,31.889999389648438,5224905,0.0,0.0,58.385536785502126,-0.14968330828745025,30.81550006866455,0.6013261167362742,31.899999618530273,0.00031358510734503283,0
2025-03-31 00:00:00+11:00,WBC.AX,31.399999618530273,31.665000915527344,31.200000762939453,31.56999969482422,6178479,0.0,0.0,53.78915504241438,-0.10039028370594494,30.804000091552734,0.6076598674486107,31.739999771118164,0.005384861512108794,0
2025-04-01 00:00:00+11:00,WBC.AX,31.579999923706055,31.809999465942383,31.200000762939453,31.56999969482422,3762049,0.0,0.0,53.78915504241439,-0.06062634383489751,30.789000034332275,0.607826927131062,30.989999771118164,-0.018371869791343188,0
2025-02-11 00:00:00+11:00,NAB.AX,40.439998626708984,40.70000076293945,40.33000183105469,40.43000030517578,2989393,0.0,0.0,64.50183160120724,0.6134125188560944,39.23550033569336,0.6408587154901523,40.9900016784668,0.013851134530397843,0
2025-02-12 00:00:00+11:00,NAB.AX,40.68000030517578,41.20000076293945,40.45000076293945,41.11000061035156,3746374,0.0,0.0,69.39561918583426,0.6691744043497323,39.43200035095215,0.6500831256525466,40.52000045776367,-0.014351742734815908,0
2025-02-13 00:00:00+11:00,NAB.AX,41.119998931884766,41.68000030517578,41.06999969482422,41.2400016784668,3699509,0.0,0.0,70.24029543235608,0.7156070277131974,39.62400035858154,0.6472200888453334,39.5099983215332,-0.04194964322314526,0
2025-02-14 00:00:00+11:00,NAB.AX,41.599998474121094,41.599998474121094,40.84000015258789,40.9900016784668,3418739,0.0,0.0,66.44250948956756,0.7238877778958255,39.75100040435791,0.655275676894467,36.29999923706055,-0.1144182056442813,0
2025-02-17 00:00:00+11:00,NAB.AX,40.689998626708984,40.689998626708984,39.959999084472656,40.52000045776367,4018961,0.0,0.0,59.88681059477312,0.684633136895684,39.88800048828125,0.6820418852587293,35.11000061035156,-0.13351430864496813,0
2025-02-18 00:00:00+11:00,NAB.AX,40.68000030517578,40.724998474121094,39.415000915527344,39.5099983215332,4838682,0.0,0.0,48.75428395168079,0.5655060182715346,39.959500312805176,0.7268958619255166,35.08000183105469,-0.11212342897175319,0
2025-02-19 00:00:00+11:00,NAB.AX,36.5099983215332,37.220001220703125,36.130001068115234,36.29999923706055,12158379,0.0,0.0,29.796298790599465,0.2096599896106781,39.831000328063965,0.9164031041749775,35.900001525878906,-0.01101922092530686,0
2025-02-20 00:00:00+11:00,NAB.AX,35.810001373291016,35.91999816894531,34.66999816894531,35.11000061035156,13248015,0.0,0.0,25.792285909266937,-0.16645470950052044,39.623500442504884,0.9673743873135673,35.38999938964844,0.007974901009096603,0
2025-02-21 00:00:00+11:00,NAB.AX,35.310001373291016,35.4900016784668,34.79999923706055,35.08000183105469,8963897,0.0,0.0,25.69853331608543,-0.4616276133121744,39.419500541687015,0.9475621054630446,35.529998779296875,0.012827734457066824,0
2025-02-24 00:00:00+11:00,NAB.AX,35.0,35.900001525878906,34.83000183105469,35.900001525878906,5633967,0.0,0.0,32.88040398157665,-0.6222146407762068,39.24450054168701,0.9563076475602713,35.45000076293945,-0.012534839660523836,0
2025-02-25 00:00:00+11:00,NAB.AX,35.599998474121094,35.689998626708984,35.130001068115234,35.38999938964844,5472647,0.0,0.0,30.88111248708732,-0.7816238538928957,39.02300052642822,0.9429999911462285,35.29999923706055,-0.002543095624189687,0
2025-02-26 00:00:00+11:00,NAB.AX,35.38999938964844,35.619998931884766,34.95000076293945,35.529998779296875,5757510,0.0,0.0,32.101611053806536,-0.8864416752073154,38.82500038146973,0.9234998609890201,35.31999969482422,-0.00591047260589892,0
2025-02-27 00:00:00+11:00,NAB.AX,35.58000183105469,35.58000183105469,35.130001068115234,35.45000076293945,4284354,0.0,0.0,31.756537687720495,-0.9648436085937675,38.60250034332275,0.8896784968426225,35.04999923706055,-0.011283540684633227,0
2025-02-28 00:00:00+11:00,NAB.AX,35.31999969482422,35.58000183105469,35.13999938964844,35.29999923706055,11054364,0.0,0.0,31.081865464803045,-1.0272401897091754,38.36050033569336,0.8575587785971672,34.54999923706055,-0.021246459382712808,0
2025-03-03 00:00:00+11:00,NAB.AX,35.4900016784668,35.630001068115234,35.08000183105469,35.31999969482422,4036756,0.0,0.0,31.291469329988573,-1.0628244809642098,38.165500259399415,0.83559023991598,34.59000015258789,-0.020668163888554678,0
2025-03-04 00:00:00+11:00,NAB.AX,35.08000183105469,35.11000061035156,34.849998474121094,35.04999923706055,3124791,0.0,0.0,29.96648475570626,-1.100130449592875,37.9620002746582,0.8094767385436332,34.2599983215332,-0.022539256283122158,0
2025-03-05 00:00:00+11:00,NAB.AX,34.75,34.869998931884766,34.27000045776367,34.54999923706055,4465136,0.0,0.0,27.633009305263684,-1.1567077133379229,37.72000026702881,0.8073711700260076,34.06999969482422,-0.01389289588526097,0
2025-03-06 00:00:00+11:00,NAB.AX,34.5099983215332,34.63999938964844,34.279998779296875,34.59000015258789,4890180,0.0,0.0,28.115277527727955,-1.1846618188700333,37.430500221252444,0.7754161300492616,34.099998474121094,-0.014165992376560797,0
2025-03-07 00:00:00+11:00,NAB.AX,34.25,34.58000183105469,33.900001525878906,34.2599983215332,5534116,0.0,0.0,26.543683311475903,-1.2193876964067343,37.10850009918213,0.7693148798106704,33.380001068115234,-0.025685852204635692,0
2025-03-10 00:00:00+11:00,NAB.AX,34.25,34.29999923706055,34.04999923706055,34.06999969482422,3170204,0.0,0.0,25.6545215801157,-1.2478550100386911,36.785000038146975,0.732220959824194,33.209999084472656,-0.025242166658493114,0
2025-03-11 00:00:00+11:00,NAB.AX,33.599998474121094,34.310001373291016,33.529998779296875,34.099998474121094,5493308,0.0,0.0,26.075582843314976,-1.2535448259598354,36.468499946594235,0.735633933693476,33.29999923706055,-0.023460389233380056,0
2025-03-12 00:00:00+11:00,NAB.AX,33.54999923706055,33.83000183105469,33.060001373291016,33.380001068115234,6930766,0.0,0.0,22.74587981665117,-1.3011529383320237,36.081999969482425,0.757374159917519,33.2400016784668,-0.004194109801337475,0
2025-03-13 00:00:00+11:00,NAB.AX,33.349998474121094,33.54999923706055,33.15999984741211,33.209999084472656,4922735,0.0,0.0,22.030552826002776,-1.3371861995599872,35.68049983978271,0.7311331048982989,32.59000015258789,-0.018669043931851426,0
2025-03-14 00:00:00+11:00,NAB.AX,33.16999816894531,33.630001068115234,33.02000045776367,33.29999923706055,4067924,0.0,0.0,23.403906621630483,-1.3429992986112467,35.295999717712405,0.7224807838592462,32.650001525878906,-0.01951945123344745,0
2025-03-17 00:00:00+11:00,NAB.AX,33.54999923706055,33.650001525878906,32.880001068115234,33.2400016784668,5393517,0.0,0.0,23.11165027538354,-1.3370350156633108,34.93199977874756,0.7258750462809909,33.09000015258789,-0.004512681056092687,0
2025-03-18 00:00:00+11:00,NAB.AX,33.29999923706055,33.380001068115234,32.470001220703125,32.59000015258789,5761159,0.0,0.0,20.172624001254263,-1.3689772517068306,34.58599987030029,0.7390268177903564,33.18000030517578,0.0181037173926199,0
2025-03-19 00:00:00+11:00,NAB.AX,32.5,32.83000183105469,32.36000061035156,32.650001525878906,5734374,0.0,0.0,21.16917625095337,-1.373615905419058,34.40349998474121,0.719810703712697,33.90999984741211,0.03859106470590847,1
2025-03-20 00:00:00+11:00,NAB.AX,32.709999084472656,33.209999084472656,32.709999084472656,33.09000015258789,8716437,0.0,0.0,28.243490367481698,-1.3264968302091802,34.30249996185303,0.7083954790613436,33.75,0.019945598197904278,0
2025-03-21 00:00:00+11:00,NAB.AX,33.130001068115234,33.43000030517578,32.9900016784668,33.18000030517578,11440658,0.0,0.0,29.634482799498443,-1.2672839034968888,34.20749988555908,0.6892242753218893,33.97999954223633,0.024110886971141898,0
2025-03-24 00:00:00+11:00,NAB.AX,33.22999954223633,33.90999984741211,33.18000030517578,33.90999984741211,4515383,0.0,0.0,39.82394374227863,-1.1482164458259945,34.10799980163574,0.6921367943872064,34.099998474121094,0.005603026469004375,0
2025-03-25 00:00:00+11:00,NAB.AX,34.13999938964844,34.38999938964844,33.709999084472656,33.75,4691013,0.0,0.0,38.5077461586393,-1.0546084090303793,34.02599983215332,0.6912699023006761,34.16999816894531,0.012444390190972222,0
2025-03-26 00:00:00+11:00,NAB.AX,33.970001220703125,34.279998779296875,33.88999938964844,33.97999954223633,4214234,0.0,0.0,41.500828241995535,-0.950902907783842,33.948499870300296,0.6797505363718331,34.02000045776367,0.001177189996062936,0
2025-03-27 00:00:00+11:00,NAB.AX,33.619998931884766,34.099998474121094,33.560001373291016,34.099998474121094,6091193,0.0,0.0,43.058102983802364,-0.8492430942034872,33.88099975585938,0.6697681481188507,34.380001068115234,0.008211220132653027,0
2025-03-28 00:00:00+11:00,NAB.AX,34.0,34.25,33.81999969482422,34.16999816894531,3411296,0.0,0.0,43.99469009438769,-0.754333086891549,33.824499702453615,0.6526418736229171,34.599998474121094,0.012584147738309744,0
2025-03-31 00:00:00+11:00,NAB.AX,33.63999938964844,34.189998626708984,33.54999923706055,34.02000045776367,4940548,0.0,0.0,42.38585917229827,-0.6833426354805425,33.75949974060059,0.6517388390533114,34.18000030517578,0.004703111265702407,0
2025-04-01 00:00:00+11:00,NAB.AX,34.060001373291016,34.380001068115234,33.959999084472656,34.380001068115234,3827095,0.0,0.0,47.36116413833005,-0.5912179580737202,33.72599983215332,0.6351862065239733,33.70000076293945,-0.0197789495069687,0
